Deal_title,Success_probability
TitleAD16O,62.5
TitleOW6CR,68.3
TitleVVJQ5,74.8
TitleUS8NA,63.9
Title5VGWW,70.2
TitleE2WOK,67.8
Title8CF62,64.2
TitleF8687,56.8
TitleWNTYU,61.1
TitleXK47X,73.9
Title2QCON,64.3
TitleR9W92,69.6
TitleY5USZ,67.5
TitleY4MJP,70.4
Title1W8YF,67.1
Title9HII9,65.9
Title725I7,64.1
TitleTB8A9,63.5
Title9CM6M,66.5
Title2ATAG,66.3
TitleAKV0K,69.3
Title40AN7,69.4
TitleQC654,56.9
TitleDYIL3,56.9
TitleEX1S3,72.5
TitleAMLDL,72.0
TitleQH7E7,60.9
TitleT52E7,65.6
TitleTGRSX,67.3
TitleNL1RF,67.5
TitleXOLYB,62.1
Title6M0R1,62.3
TitleO3EA1,68.6
TitleDOHV2,64.3
TitleBZERW,69.1
TitleGD2UX,68.4
TitleWLHM9,71.2
TitleKCOAN,67.3
TitleZLSEG,60.9
TitleIJCLT,71.4
Title6TO0C,57.1
Title6G0HX,58.6
TitleOI849,58.7
TitleFOU96,68.7
Title1JMW2,52.2
TitleEK2G5,62.0
TitleFCVZZ,67.8
TitleYWT9O,62.2
TitleONFNK,60.1
TitleYBWHO,57.9
Title0ABZU,63.2
TitleRL0H9,64.1
Title7EQFB,71.9
Title4EV1D,66.8
TitleBGKH2,65.1
TitleDTP0Z,62.9
Title11K82,71.9
Title7VF6X,79.1
TitleQU2CO,61.8
Title64YS8,67.2
TitleFIM0Q,64.3
TitleCWEHX,58.3
Title92460,66.4
TitleWJ99Y,74.0
TitleKRL1N,68.6
TitleL3YT1,59.7
Title38LJL,70.9
TitleH6EHH,57.8
Title85MTC,63.6
TitleKHY4R,57.0
TitleVSLNT,69.1
Title87H8W,68.6
TitleF6Y3O,70.8
TitleARV9A,58.0
TitleNOVXO,66.2
TitleB9BV2,74.2
TitleBJ1RG,68.2
TitleCEJAA,64.3
Title6IXFW,72.2
TitleMMMJ8,64.9
TitleS2KHC,70.1
TitleBQCK8,68.9
Title49KAE,62.7
TitleI75WO,61.1
Title89CC9,65.6
TitleQH1LB,69.3
TitleO4EZA,58.6
Title29I32,65.5
TitleQS6HG,59.2
Title3X354,69.6
Title7O1LX,67.2
TitleTL3RY,72.1
TitleGNLFA,70.6
Title2LWRP,61.5
TitleASNW8,63.5
Title17AXX,66.3
Title1ZNU8,63.7
TitleI91SM,61.8
TitleT3O89,59.2
Title7SN4U,69.6
TitleXTN7N,67.5
Title60US8,61.6
TitleHQHV8,61.5
TitleKRERU,68.4
Title2LMSH,69.9
TitleRUNZZ,63.5
TitleNWNCQ,70.1
TitleX4XVX,63.2
TitleZZ8C4,66.4
Title40VOT,64.9
TitleVJE93,61.6
TitleT6IFU,59.3
TitleJTB5C,69.6
TitleP27G5,77.8
Title9MOY9,69.3
TitleL2MIQ,60.5
Title4C0R3,70.6
Title9M68F,59.6
TitleTV4EP,62.6
TitleGRQSE,66.5
Title66KV3,69.1
TitleZGL83,48.0
TitleDXX1I,66.7
TitleJEC3R,63.3
TitleJ86PA,63.4
TitleY63E7,70.5
TitleTIZWH,70.3
Title8Q2VE,65.7
TitleU4TJJ,64.3
Title3DJSM,62.1
TitleQK0GK,61.9
Title1RJEO,59.9
TitleQLAAT,62.1
TitleE5SMZ,66.6
TitleBCI7X,69.8
TitleEJ8QG,63.1
TitleF952N,58.7
TitleTSFVY,73.8
TitleMDHHH,62.0
TitleRHKWU,59.8
Title5FQ2D,66.1
TitleC9DTF,58.7
TitleMNACX,64.5
Title3HAQN,71.7
TitleVZ77S,60.0
Title9XK7J,64.5
TitleXAZ58,58.2
Title5AVS8,60.7
Title2GZ5L,73.0
TitleQVCQO,71.7
TitleQU41K,59.5
TitleMSQ29,71.6
TitleGF3AR,63.7
TitleM1Y03,59.4
TitleO050D,68.5
TitleMY1JL,67.3
TitleHR6TI,67.9
TitleQYD01,60.3
TitleDTQVL,73.5
TitleL0TYU,59.5
TitleCBNHL,63.7
TitleKU2HW,62.3
TitleVLF3R,57.4
Title8ZAVN,43.9
TitleZQS1N,68.4
Title6RJPI,64.7
TitleFITS4,69.4
TitleH7DCS,69.3
TitleW6KGP,79.0
TitleB19A4,60.4
Title3K0H0,71.5
TitleQETZZ,64.7
TitleMMOKL,72.4
TitleVB7TN,62.0
TitleP31A3,73.5
Title84WTP,65.5
Title8O71H,69.2
TitleEOOL3,82.9
TitleSL7PN,71.3
TitleNNMNX,76.1
Title94T7J,64.4
Title5TW58,72.3
TitleFSOQQ,77.5
Title3U0Q9,64.3
Title5TU5S,60.0
TitleZ0JY8,62.1
TitleTXY8Q,60.5
TitleVFIT3,70.1
Title7U9QA,74.8
TitleYQ0XO,66.5
Title7MGIZ,70.5
Title9072O,56.9
TitlePIGTN,59.3
TitleN0MYB,60.0
TitleRIWZ8,69.4
TitleZIGTQ,73.6
TitleTW439,61.8
TitleUIT6V,62.1
TitleR6XH3,70.9
Title58R3H,61.6
TitleDEBAJ,66.4
TitleQZ64P,70.4
TitlePR1PN,68.2
Title482NU,59.7
TitleGZLAP,70.7
TitleS9B92,70.4
TitleY95FX,72.9
TitleFMC0D,54.7
TitleI0INY,70.3
Title0GAJI,72.5
Title6LA9P,71.0
TitleKILVF,69.7
TitleAITZX,61.6
TitleL6A1J,64.3
TitleCYT9J,59.0
TitleDST6L,72.8
Title6BNFS,62.2
TitleXAPT4,67.5
TitleHJ3WF,64.5
TitleNDJ2A,60.9
TitleYYGY8,70.1
TitleCVP13,66.3
TitleL7DS2,63.6
TitleVO0MI,65.7
Title1QLMW,70.2
TitleAFWVU,63.3
TitleMQGXY,63.8
TitlePS05F,66.5
TitleTBPD7,77.2
TitleSC6IH,60.4
TitleWMDY2,64.1
Title8AXHN,61.9
Title8WJ3G,63.7
TitleSYQ3F,60.9
TitleF0S76,69.4
Title23FI5,57.7
TitleYM00H,62.3
TitleV4Q21,77.1
TitleZW3VH,69.2
TitleWTD4L,69.0
TitleHGN2A,63.2
Title5NAK8,66.2
TitleAFWDD,64.9
TitleCVTAZ,60.4
Title6S2L6,72.9
TitleU7VJM,65.6
Title25JJZ,62.0
TitleU2OST,62.2
TitleZK1N8,68.2
TitlePJS42,62.3
TitleT2N5V,70.6
Title2WV7J,68.4
TitleFAB82,63.7
TitleUP3M1,72.5
TitleT2JNN,62.2
TitleCLQNO,64.7
Title9R03I,66.3
Title07QDY,64.8
Title2IVM3,63.0
TitleVP36Q,59.1
TitleK4XJS,66.0
Title4B9AT,66.7
TitleIKWWI,63.9
TitleGIP04,65.6
Title9PWR5,70.1
TitleFPMEZ,64.3
Title2I5M7,67.6
Title9R98H,58.7
Title0NIZP,62.8
TitleWNR0U,69.0
TitleAHKSJ,63.1
TitleJQHWZ,73.5
TitleY63MM,64.7
Title7R26O,64.7
TitleERLRI,69.0
Title9DNDI,66.3
TitleN1GIT,59.8
TitleZHHGX,68.3
TitleILO9W,64.2
TitleV8J6I,67.6
Title6FUHU,72.5
TitleKU88H,59.0
TitleGWFWJ,69.9
TitleQUUJE,71.3
Title1CUT0,62.6
TitleRPEUI,67.7
TitleRWN0X,69.1
Title2TB8F,66.4
TitleJBP95,71.3
Title2EHEM,68.1
TitleJZ4ZZ,64.7
TitleUR93W,65.6
Title2EEYL,64.1
TitleQKKKC,68.9
TitleBV5KY,71.9
TitleYEHWZ,61.2
Title9GWVF,66.0
TitleLF6V7,68.6
TitleGEZF0,61.8
TitleLNVE2,69.2
TitleM0Z66,58.8
Title0Z5ME,64.6
Title72FQJ,66.5
TitleRIG9O,68.2
TitleSNRHC,50.6
TitleZYG49,70.4
TitleL7PNT,65.1
TitleR0QR3,73.4
Title853VR,72.1
TitleAHYGU,65.3
TitleUE5GI,65.9
TitleWQE72,67.2
TitleB3YJF,72.0
TitleP5WMY,58.5
TitleP1ICM,68.6
TitleKK5F9,64.8
TitleMD7B7,59.7
Title6PDLX,70.7
Title7KCK3,62.3
TitleE82ZH,72.7
TitleSOLQY,63.7
TitleCQMFZ,63.8
TitleGMHJJ,69.8
TitleY3CTI,65.0
TitleE0F81,87.2
TitleZFA8I,63.2
TitleULSDL,67.4
Title34CJS,66.9
TitleS9KBI,64.3
Title6CM5T,60.4
TitleLYI3U,70.6
Title38R86,48.9
TitleS82G6,69.9
TitleSYV81,64.0
Title9UUQ3,69.1
TitleHMB3O,64.4
TitleBC20O,63.9
TitleYXY72,62.6
TitleV507Q,58.6
TitleD1JZI,58.6
Title0MNUW,71.5
TitleKSO5Y,63.9
TitleZ5ZLQ,66.6
Title2M7AV,43.6
TitlePQYAC,64.2
TitleN5OC4,57.7
TitleG1V42,65.8
Title4M0M0,68.8
TitleQBMS6,70.9
Title2LAUA,64.8
Title0GLCX,68.4
Title72Y5L,62.8
TitleFCGPO,60.3
TitleOMYPK,68.6
TitleBZMHQ,68.3
Title3MF67,67.0
TitleJLN3N,59.1
Title881YW,66.7
TitleXH1PW,62.4
TitleKUO6X,64.9
TitleRVF5F,61.2
TitleFS6PM,68.2
TitleBLK74,62.3
Title5SA8C,61.3
TitleQRM70,63.6
TitleD8SRX,71.5
Title30J3Q,68.7
TitleHD2QJ,68.4
TitleSEOJC,69.8
TitleFWTDO,66.7
TitleTL45U,70.0
Title3CYSC,72.3
Title777LR,63.6
TitleJKMVS,61.6
Title5SU1I,70.7
Title7OAQB,64.0
Title7JR4T,73.1
TitleOK4D6,61.0
TitleVWZ8U,59.4
Title2BFXG,69.0
TitleQA2XL,71.1
TitleCRJ51,58.5
TitleA1E4X,71.3
TitleKDPSC,60.0
TitleQD7TQ,64.1
TitleTXY5O,64.2
TitleEG6MZ,68.7
TitleS8CK2,69.2
TitleXDTHO,60.1
TitleY3QME,62.8
TitleSV0GA,66.3
TitleXP7EA,62.4
TitleUUFCT,67.5
TitleFJN80,58.1
TitleNY5WX,68.8
TitleRJ1CV,58.5
TitleN40KU,66.1
Title8HF4L,67.0
TitleWTQHE,63.2
TitleJ8X0T,73.0
Title5WYGO,72.4
TitleOX8KK,62.5
TitleZPRX1,73.4
TitleGRFOA,69.8
TitleV587I,65.4
TitleKW46K,61.3
TitleZJ2K4,57.7
TitleEPO7G,66.7
Title4KC4G,55.3
TitleSQ1UX,65.8
TitleXTSXA,67.3
TitleN9D7T,71.2
Title3KSPR,73.0
TitleBSPVW,69.7
TitleIZBD7,57.9
TitleH7U28,68.3
Title1OE44,65.2
TitleVT583,61.4
TitlePLYZ7,61.1
Title5ELG8,70.4
Title6021C,62.7
TitleD6QWR,58.3
Title25DXW,70.4
TitleKQ4GN,67.8
Title212WI,76.5
TitleBLB0L,66.5
Title7D9HI,66.8
TitleEBE82,72.6
TitleV2GHR,67.1
TitleNEB47,58.0
TitleQKO2E,66.0
TitleC1EPZ,40.8
TitleW7GAO,65.6
Title4KKQU,61.3
Title62W3F,66.2
Title5P4GX,63.3
TitleXKYVF,57.0
Title5P66J,71.2
Title1EE9R,70.5
TitleXVCR2,72.9
TitleK44RW,66.4
TitleDWYFP,65.5
Title35K93,67.4
TitleD6C58,66.1
Title37QC6,63.3
TitleEJBN9,59.7
TitleID60J,71.9
Title5ZBJ5,69.4
TitlePCO6B,65.5
TitleM8580,72.2
TitleIAQL1,60.6
TitleWLCXK,58.6
Title5NO46,67.4
TitleAI3PE,55.7
TitlePCQZJ,65.5
TitleHMKTR,62.4
Title68F6W,72.9
Title2SOBE,56.4
Title6QIWC,59.6
TitleWO5WW,74.6
TitleJ6LKX,72.3
TitleEEWU5,62.3
TitleAX85X,62.7
Title443L5,73.9
TitleQC1J3,71.2
TitleNUPCU,69.0
TitleGUX97,63.3
Title5I6VM,66.5
Title728I0,57.1
Title96ZGF,60.6
TitleLU0NA,61.3
TitleEMAGD,77.0
Title9H3O7,65.8
TitleM3CS3,64.7
TitleP597Y,73.9
Title01DZ1,61.6
TitleLNNSR,62.4
TitleHOIHH,63.2
TitleGBS9Q,62.8
Title30FYE,68.4
Title2SUCH,66.6
TitleE9XI2,74.4
TitleDA82X,63.1
TitleYW8HR,66.8
TitleJN6AI,66.5
TitleH2MWB,63.5
TitleYQVSH,60.0
TitleQRZJP,70.1
Title24RUL,58.7
TitleCRE6X,64.3
TitleR43PJ,69.5
TitleP2K1E,69.6
TitleAOBGF,69.8
TitleHBYUY,67.2
TitleEVCML,71.1
TitleZFAPT,60.3
TitleYIUI7,66.5
Title1FPQK,70.5
TitleUJWBW,60.5
TitleBJYR7,62.8
Title8JTF1,59.2
TitleTZA49,60.4
TitleT1B7R,69.5
TitleAM3CB,56.4
TitleWO5ED,61.2
Title2TMWH,61.9
Title06VRW,69.0
TitleYV0UP,62.1
TitleO4V34,69.3
TitleFKSK0,66.8
TitleNEH76,71.3
TitleAVXZC,62.7
TitleV60DG,64.7
TitleUTZ31,69.0
TitleC2PWK,68.2
TitleE4HGA,59.2
TitleS3ZB0,73.1
TitleIP9KH,61.2
TitleCGSRD,68.7
Title5QXSN,71.0
Title5Y2T3,64.7
TitleWD6V4,68.2
TitleXFC6B,70.8
TitleG41PJ,62.2
Title8I7VJ,60.1
TitleCIF2Z,68.1
Title3V4QG,59.3
Title73XMP,62.8
TitleQLI7E,91.7
TitleQ7I7W,68.1
TitleJ4DQW,64.2
TitleKSVLN,60.2
Title6MJU4,58.8
TitleAYMCE,61.5
Title043KJ,63.7
TitleS0GE1,66.6
TitleZNARU,69.3
Title2PJZB,69.0
TitleP0GZJ,70.9
Title38AOP,64.7
Title2FI5G,66.1
TitleYMGMA,64.7
TitleAWKNH,67.5
Title5UDJC,61.9
Title8O4SI,72.4
TitleQAJYO,63.7
TitleV0DBN,61.8
TitleVZPED,59.9
TitleO1AYG,59.8
Title5P39E,70.7
Title108RD,64.7
Title1HV11,65.4
TitleREAXR,71.3
TitleYHGTP,55.4
Title1FBD5,58.7
TitleXIV7E,66.1
TitleHBD7W,67.1
TitleSNRI6,61.4
TitleJNM2W,69.6
TitleLT4SL,67.7
TitleAXAZF,62.2
TitleZWBNC,63.2
TitleQJ4WL,59.0
TitleCR7DT,59.3
Title3NIBO,53.4
TitleZL24H,63.5
TitleFQSKJ,71.8
TitleBNU2C,75.4
TitleKD877,62.4
TitleFQJXF,68.6
Title64GLO,69.3
TitleMSE5Y,63.9
TitleQZ49S,61.3
TitleJ4L5V,67.4
TitleFNW5B,63.0
TitleF9B29,62.0
TitleS1YFA,68.7
TitleHRIXA,68.7
TitleQ6MXK,70.8
TitleSUBDW,63.4
Title83RZD,66.9
TitleUZ1WK,64.3
TitleFXCG1,62.8
TitleGB31Y,59.1
Title4V7DH,67.9
TitleXKJOO,69.9
TitleL4PKX,63.2
TitleXJ4U2,68.4
TitleF5WUU,58.5
TitleCXS2J,63.5
Title3E422,72.5
TitleSA53I,69.2
Title4TW3L,63.9
Title2JPQN,67.6
TitleVGL10,63.2
TitleC0Z97,71.6
TitleZWGTT,72.5
TitleHRY59,66.2
TitleCA0PS,68.5
Title92JV6,63.7
Title921U4,66.3
TitleEE9YB,60.3
TitleUXYL0,59.4
TitleU6AP7,69.4
TitleEMRKZ,63.0
TitleIR8CL,61.9
TitleDR4D4,75.9
TitleI7MHB,72.1
TitleJYDUH,68.7
TitleOOHW2,69.2
TitleAA0K2,62.5
TitleQI6S3,61.8
TitleEN5WF,62.0
TitleASAWY,67.3
Title0XG83,59.4
Title7R23W,57.1
TitleWHX4L,61.3
Title1ER2Y,67.0
Title9VTVJ,58.5
TitleWRVN0,63.5
TitleN0LUE,70.9
TitleYXVMN,65.2
TitleQ0LPL,69.5
Title56GMA,62.3
TitleLI03A,66.9
TitleWZ253,73.5
TitleLXK51,70.4
TitleDGNUU,58.6
TitleMQ41O,63.2
Title25ZKS,66.2
TitleNR8HN,61.4
TitleCPVCW,72.0
Title8KABP,74.5
TitleIMHXK,68.7
Title7HHOZ,68.7
TitleMGECQ,65.2
TitleOQU6Q,59.0
Title3T8Q8,70.8
TitleH4R55,70.2
TitleJ69RU,64.2
TitleC7RYX,62.0
TitleURF8X,65.5
TitleJLQ0Y,66.2
TitleSZL62,63.7
TitleKP3U7,59.2
TitleTRE3S,66.5
TitleN6F2A,68.0
Title4LFA1,70.8
TitleNU02U,69.1
TitleZFXCP,67.0
TitleMMAZY,62.2
TitleYNGW5,58.5
TitleMMDN8,59.0
TitleJJOCR,58.8
TitleISH2D,66.4
Title6OWJL,60.4
TitleJE4O9,62.8
Title3Q4OR,58.0
TitleH0UQK,59.2
Title5LQOQ,71.2
TitlePN59V,58.8
TitleAIMZ4,68.6
TitleR0HQW,52.7
Title86L33,70.0
TitleN7R4T,63.6
TitleMAO9L,68.3
TitleY6XA5,60.4
TitleI8ERD,63.1
TitleUJYEL,70.6
TitleKYSRZ,70.5
Title7RZD6,57.5
TitleOVNNA,64.0
TitleXCW6I,69.6
TitleC700S,69.7
TitleTV7P4,64.9
TitleRQ5OT,70.0
TitleU6ACG,68.1
TitleP1WHY,69.5
TitleAJ8XX,73.1
TitleX99W6,60.1
TitleY1SAV,64.2
TitleID0JM,62.5
TitleLFI9R,67.4
TitleQ7FOO,67.2
TitleYLBWY,68.9
Title8SPUR,62.4
Title9HRQL,58.9
TitleUHPKX,74.8
TitleBLUPD,60.3
TitleS73N4,58.6
TitleLHPZC,66.8
TitleKXZVP,60.7
TitleQ8ZJ5,70.0
TitleVQ58V,63.3
TitleRCGOM,79.8
Title205FL,57.1
TitleQ0JJA,59.4
TitleNKJ1P,64.7
TitleDL5RK,65.9
TitleDXHHB,67.1
Title1HO0Y,68.3
TitleR0GBY,73.0
TitleGW5DY,67.6
TitleZ6KT9,58.1
TitleA5BKG,63.2
TitlePSZTQ,67.4
Title3VAP1,65.3
TitleULTS1,60.1
Title280ZR,67.2
TitleW4DV8,59.9
Title0GAD5,70.0
Title1N8A6,61.9
TitleFLH8A,64.8
TitleH23CM,53.4
TitleT269F,66.7
TitleR5U46,64.4
TitleZEREP,64.4
Title7HJF4,61.4
Title8PQZL,59.5
TitleEGIZM,66.9
Title408P2,62.3
Title8GRU3,60.0
TitleW1T1J,61.5
TitleJISI6,58.4
TitlePCZK5,62.0
TitleR6W9K,65.7
TitleS398A,64.5
Title3O3Z7,64.2
Title76D08,71.7
TitleNXYVG,60.7
Title1ZANJ,61.6
TitleY3W82,61.4
TitleY7YHY,58.8
TitleXX8MH,67.2
TitleUO1RJ,69.2
TitleW91AR,63.9
TitleXTQNO,63.7
TitleKY5CH,68.2
TitleK5PA7,72.2
TitleMNYZG,63.3
TitleFZWCL,63.6
TitleRTETD,46.6
TitleRM0AT,61.8
TitleF2I93,60.5
TitleCGK0T,64.2
TitleLDY20,66.8
TitleG7ASQ,73.3
TitleQ0LC9,69.7
Title6F1QJ,66.1
TitleNV8HX,65.0
Title5RB1Y,63.8
TitleZFZU0,61.7
TitleSV3V8,69.1
TitleQ0D4D,58.7
Title1N86W,68.1
Title96N3Z,66.5
TitleM1RQ5,63.3
TitleFZ9P9,61.1
Title5TEF6,62.8
Title2JDEQ,68.9
TitleDT2SJ,69.4
TitleUH7UE,60.8
TitleX8GD0,65.2
Title39FPS,63.9
Title41VTG,63.4
TitleGM3Q4,69.9
TitleJG6EE,58.2
TitleB59S5,69.2
TitleM5YGV,60.3
TitleRDY6Q,59.2
Title2DZSU,70.0
TitleQ6AE6,68.0
TitleXF7WO,59.2
TitleQUNLH,68.2
Title3XAGQ,72.4
TitleTJYTM,67.9
TitleMXYD9,60.9
TitleZVEUN,70.7
Title6I28C,76.2
TitleJVPCM,58.6
TitleKMH84,68.7
TitleUZH7Y,81.5
TitleJT4D6,55.1
TitleO6I2Z,60.1
TitleKJW77,63.9
TitleIS8WY,62.0
TitleDBU52,65.1
TitleX53DD,68.0
Title2U4U7,73.2
TitleFIMG6,69.1
Title84QHN,78.8
TitleL1CUK,72.7
TitleCKTYO,67.6
TitleA3J06,68.8
TitleSA5JQ,66.5
TitleVTIQ0,60.3
Title20LYN,69.0
TitleLYJHC,70.0
Title79OW9,63.8
TitleVDS21,70.2
TitleL2JEW,62.6
Title91TMK,69.7
TitleNQ6UW,68.7
TitleFZGVV,62.2
TitleRJCDZ,57.2
TitleHHBDW,67.6
TitleSRVI6,67.8
TitleBKT65,63.5
TitleVG340,62.2
TitleJ7HCY,62.5
TitleZ96R8,68.0
Title4WUD8,65.9
Title2BP97,59.8
TitleD1HSV,68.3
TitleC2UUJ,62.7
Title9G7Z7,66.7
TitleI1KEN,66.7
TitleKPLT4,61.9
Title4ZWP5,65.9
TitleBS0WL,55.5
TitleKKWCA,56.0
Title0FU5S,64.1
TitleE0KRJ,67.1
TitleVVRFD,63.8
TitleHT658,71.7
Title852B3,69.5
TitleUXIF0,64.2
Title9JWRB,72.6
Title8UR96,55.9
TitleZ7KJ0,59.4
Title8FJ5H,62.6
TitleHH06V,69.7
Title9I3T6,63.5
TitleF8HC1,62.9
TitleON8DS,65.0
TitleSAZ3H,61.0
TitleDYABC,69.1
TitleW88NY,64.9
Title82CIH,59.1
TitleO56QD,57.2
Title3MLCN,69.9
Title7UY6H,66.7
TitleDNR3M,63.1
Title7B6CX,69.5
Title07MM6,64.6
TitleI9IAV,65.5
TitleYK4LF,68.6
TitleBQUYG,70.5
TitleRV8BW,61.4
Title5ITDB,66.6
TitleW76GX,67.8
TitleB729Z,67.1
Title6YTWX,66.6
TitleQ8BFC,66.5
TitleV27SW,71.1
TitleLDP9Z,68.6
Title54BZJ,64.3
TitleK9D3B,65.1
TitleAAQG7,67.0
Title2WVH7,66.9
TitleQMG6A,56.2
TitleOHTAM,73.4
TitleV03GG,61.7
TitleWSZ3T,68.3
TitleAVXHK,66.6
TitleVTXCA,58.4
Title7941F,70.1
TitleT93VF,60.8
TitleED8J4,67.0
TitleBNIB0,60.4
Title8L2FQ,61.7
Title013WA,66.2
Title6U8JD,67.0
TitleIZ79K,62.1
Title5PLDW,61.6
TitleXUBFQ,59.5
TitleXQ02F,67.8
TitleA12R8,69.4
Title2CV9B,59.8
TitleU8E3D,65.4
Title9PCE2,74.7
TitleP0FXZ,60.2
TitleCFQ3K,73.4
TitleMGDZ8,50.8
TitleIG909,66.3
Title6JM16,62.9
TitleAGWZH,62.8
Title5DKVV,65.1
TitleFFUCT,60.3
TitleGV7XI,70.6
TitleZL409,68.4
Title31RSX,57.9
Title3JEMA,68.7
TitleZB5U0,61.7
TitleM109I,67.6
TitleU7WEV,67.1
TitleO3PQQ,59.8
TitleVDD91,66.9
TitleOJV2K,57.5
TitlePLWWG,65.2
TitleBCQIN,64.1
TitlePKRME,86.2
Title9IF16,64.2
TitleNFJJ0,64.4
TitleS0ZXM,66.8
TitleVHI07,63.9
TitleI6DYI,67.4
TitleZQRIZ,68.5
Title7APVX,64.2
TitleHFKTG,68.6
TitleGUFXV,75.2
TitleN3VPE,65.8
Title31RKT,69.1
TitleY0HVR,61.6
TitlePQ5SJ,62.6
TitleWJZHU,62.8
TitleM49YE,60.4
TitleUMLYA,65.2
Title9BHDG,58.3
TitleBSAAD,70.4
TitleE0CW3,59.2
Title73ZNE,64.0
TitleXZSVX,69.4
TitleTBE5E,68.7
TitleXNL80,64.4
TitleJSMS5,57.9
TitleQ9F4N,57.0
Title3PIBO,67.4
Title9NZL7,67.0
Title7IIH3,60.8
Title57ZHD,63.0
TitleM217C,67.7
TitleEDOCD,71.1
TitleMEH6X,69.7
TitleDUQ23,64.0
TitleDJKZD,69.7
TitleK3CB0,56.2
TitleQDGJS,66.3
TitleT4ZWO,60.2
TitleE38OK,60.8
TitleSQBLU,63.9
TitleLPIH0,62.4
TitleEH1XB,60.4
Title9LMWD,71.0
TitleIY4JP,73.5
Title32BHO,70.3
TitleWRFTS,70.5
Title6R8YY,68.3
TitleR4LB9,59.3
TitleE1AWV,66.5
TitleH7YB1,55.4
Title719HX,64.6
TitleESQPM,70.8
TitleOZOUT,67.3
TitleXKOLD,66.1
Title4ZA24,70.1
TitleLQHNU,68.7
TitleY9IG8,60.9
TitleT6ISM,66.3
TitleA6121,67.8
Title375P6,69.8
Title0I86K,63.2
TitleVIVN9,69.7
TitleOWJAW,72.4
TitleBBMUM,62.9
Title9VFH9,67.6
TitleR11CX,63.8
Title82DQ7,61.8
TitleIVLS7,73.5
TitleVZIVX,60.9
TitleMREEV,66.3
TitleZLTMX,67.7
Title1KYR7,61.6
TitleO0AIE,70.1
TitleBE5HO,63.8
Title85EPD,61.4
TitleUAJOX,71.8
TitleKXLZ1,65.5
Title6SVNM,64.4
TitleIJNJZ,69.0
Title9ZE5W,64.0
TitleMPJT7,67.3
Title9A9O6,67.8
TitleIU0LO,72.1
TitleVAKQY,67.9
Title2K1OA,71.2
Title72SUU,71.3
TitleH1PWT,71.6
TitleQY76J,61.3
TitleKDURS,66.8
TitleZA3HK,68.8
TitleYAU4L,73.8
TitleCYJDK,65.6
TitleKANYG,60.9
Title1HQYD,66.6
TitleZTMJJ,66.2
Title1L5SN,59.8
TitleZ5ZYD,72.7
Title6TYUI,68.0
TitleBHSPR,58.2
Title4B3IC,67.2
TitleH13PD,75.0
Title9V62Y,62.9
TitleSAMZQ,66.4
TitleQALDY,72.7
Title87TBE,67.4
TitleAWG5Y,56.3
TitleYKL1L,62.9
TitleUXOC3,63.0
TitleLRKK5,59.7
Title5IV1R,69.4
TitleRSLKR,65.1
TitleNYKLA,59.2
TitleXU29Q,70.0
TitleXWKBQ,65.0
TitleLPACI,64.7
TitleR9F1M,61.6
TitleQHTDD,58.9
Title4FRC1,62.3
TitleY1IDY,65.2
Title9RQ55,62.1
TitleZHCIX,63.0
TitleOCI7Q,61.2
TitlePN8Q4,60.9
TitleAULBR,70.6
TitleHVKUX,66.5
TitleMF27R,62.2
TitleEEMZV,69.3
Title0DBE8,60.5
TitleDKL6N,60.5
TitleK5NCL,62.8
Title6HL1Y,60.4
Title9JHMK,63.1
TitleY9SAK,65.5
TitleEL816,65.9
TitleGBPVN,58.0
TitleBGCH2,63.6
TitleD338P,77.3
TitleESWIC,62.2
TitleHJOQV,64.6
TitleOU3NF,64.2
TitleRVK2Q,64.9
Title80F7S,73.9
TitleEP4N9,69.0
Title92JGX,68.1
TitleLKGP0,61.9
Title1T6W8,72.1
TitleUBYP7,62.1
Title27VTQ,64.1
TitleUGIJV,72.3
TitleK9KZ8,57.1
TitleDE9J9,64.2
Title9BIKV,66.7
TitleL4JQC,70.2
Title8X1FT,56.4
Title8XQ8J,59.7
TitleHDQKC,67.3
Title2NJU1,66.4
TitleJSQUT,65.4
TitleX0SS2,68.5
TitleO64ZW,71.3
TitleODYJX,61.0
TitleX2GH0,61.7
Title3R3GZ,70.7
TitleIPLGP,70.2
Title2ML34,62.3
Title9IOB9,70.8
Title9E343,60.3
Title3RKQV,59.8
TitleAEYIF,57.5
Title1ZZK6,62.8
Title9248W,72.0
TitleOTY4L,67.6
TitleNIEBG,67.7
TitleJ5RYP,66.5
Title58W1F,68.2
TitleJW6MX,60.5
Title1NU6J,62.3
TitleAA8Q4,61.7
Title0ZIU0,69.4
TitleRWTCH,58.5
TitleZMHRB,65.6
TitleTWH5D,67.6
TitleQ2TLG,68.0
TitleITK46,65.7
TitleR8ZKN,70.8
Title0UAXO,73.1
TitleM7ZNX,65.3
TitleUT7Z4,67.1
Title2GENZ,60.9
TitleTOSC0,60.3
TitleN3HOJ,63.6
TitleA9OBP,69.6
TitleX9YLI,69.2
TitleRGN7H,66.0
TitleQ87RT,60.4
TitleG8IJX,66.4
TitleQ28IV,69.3
Title2B84M,65.0
TitleHNM1N,67.2
TitleJ7ALN,65.4
Title1F9JY,72.6
TitleMLWOG,62.6
Title4KT4G,69.2
TitleSIYFQ,62.1
TitleKTRH7,63.8
Title4ZEAS,56.2
Title58LHK,73.7
TitleCMDBW,65.7
TitleB05O6,69.3
Title2RBG8,66.0
TitleZPMLT,69.1
TitleNCT73,66.9
TitleRH0CG,71.8
TitleM81TL,61.6
Title59KR5,67.3
TitleX5F33,63.9
Title177J6,64.9
Title48NBL,70.5
TitleAB617,59.5
Title2ASW6,64.8
TitleRY53W,63.0
TitleDO4IN,60.4
Title1IFKE,67.0
TitleK6SAM,60.4
TitleHHZ3W,65.4
TitleZSO2H,65.9
TitleK5HUB,67.5
TitleQ2CQP,65.5
TitleP1P2T,64.3
TitleVAP78,68.0
Title1ZFZP,70.6
TitleLKNOQ,70.2
TitleF5M2L,67.8
TitleA3JWQ,62.6
TitleKLE8B,69.9
Title24VWF,78.8
TitleY8ZBM,61.3
Title9PULP,60.2
Title3NPEW,69.5
Title91S6N,59.0
TitleLG9SG,59.8
TitleXFDU5,60.6
TitleAZCMZ,63.9
TitleFNCL9,55.6
TitleZ71MW,71.7
TitleYPV5U,48.7
Title0PFVJ,68.9
Title2J7WR,61.9
TitleF9TI2,65.7
TitleAB70M,63.4
TitleDCD90,60.5
Title4N8HW,60.1
TitleF5ZFB,61.6
TitleJ2AV8,62.1
TitleF5C7V,68.5
Title9HEI4,63.9
TitleV64ZC,70.2
Title5QX7S,63.3
Title7D6RK,72.2
TitleA6QC4,61.9
Title1JMO7,59.9
TitleFJD5Y,62.5
Title4J8LW,71.5
Title5YI5T,63.0
TitleVNV55,62.5
TitleCSCQX,66.9
TitleAZKWI,61.8
Title1AJ2I,67.7
Title322DK,62.0
Title9HAQC,70.9
TitleRHZ7L,66.9
Title0CZQQ,68.2
TitleLVY1J,66.2
TitleACDIX,63.8
TitleHQM9M,60.6
TitleX0MK0,68.3
TitleV8X3S,70.3
Title2EZYK,61.4
TitleHHNNF,54.7
TitleYOYAO,72.7
TitleIQ98O,69.2
TitleIHZ2E,61.7
TitleZ5J52,57.2
TitleRGHOI,61.5
TitleIAGU0,60.4
Title023FO,65.0
TitleVXYK8,57.5
TitleOMDNT,63.0
TitleCZN3X,60.9
TitleOY6SX,70.9
TitleR4ON4,67.3
TitleWUK8H,68.3
Title9CMQT,59.2
TitleW3LFX,64.9
Title2GITH,66.8
Title19E6A,76.5
TitleYOECY,62.2
TitleAZSA4,66.5
TitlePN4UR,71.2
TitleY4YQV,61.1
TitleORBJ6,66.2
TitleYD7LT,70.2
Title8SL16,68.0
TitleXI1UQ,61.8
TitleL581I,62.7
TitleH91AX,61.6
TitleLKVIM,64.2
TitleWAUBR,67.3
TitleUHMTR,66.7
TitleZUF5M,68.6
TitleJ9J8L,72.4
TitleDYYCE,59.6
Title8N7XI,64.1
TitleAWLB2,64.9
TitleXXJ1K,63.8
TitleZF0SP,71.0
TitleWZ08A,37.4
TitleRHL71,61.5
TitleTYKX4,69.0
TitleD3RDH,69.5
TitleDXUPU,65.8
Title5L2C4,60.7
TitleSBS1A,65.8
TitleQO1HA,67.9
TitleF1GCQ,59.5
TitleN9TKA,67.1
TitleO08LI,63.5
TitleKDNOY,61.5
TitleAIU0F,63.6
TitleIFVXB,55.3
TitleT5EG9,69.0
TitleYOP1K,62.1
Title2QY9H,64.8
TitleAEVPT,59.6
TitleAAW85,71.9
Title6NA9A,71.0
TitleY8YY5,63.8
Title0UG9L,64.4
Title1ID54,61.4
TitleSMXVA,70.9
TitleIZDBA,58.5
Title975KB,64.6
TitleECHPD,63.0
TitleOBCLV,58.7
Title68J6T,70.0
Title4S2QY,66.8
Title5JGSD,70.5
TitleALTXY,65.1
TitleCWGFU,68.1
TitlePHHD0,69.7
TitleKWFTK,71.7
Title475DZ,70.3
TitleMTJM7,70.5
TitlePF61Z,72.8
TitleBJ2ER,69.2
Title50LYV,69.0
TitleH3HUJ,58.5
Title7IMHP,62.6
TitleCMKW1,60.1
Title933SF,67.9
Title7YS1E,60.0
Title7EGA7,67.0
TitleLA7DV,64.0
TitleDL0DO,72.3
Title3NZJ5,65.1
TitleZGOLB,62.7
TitleLMEVA,71.6
TitleFP0TV,65.1
TitleFMIE8,66.9
TitleJJHXW,74.1
TitleTVRI1,61.8
Title3XYTX,70.7
TitleRE4WS,70.5
Title3QVNA,67.3
TitleCUD6G,60.9
Title1Z5EF,68.3
TitleEMZJH,59.6
TitleMIMHZ,62.5
TitleE3N7P,59.3
Title9CD16,66.9
TitleDOTV0,69.8
TitleS7YMO,59.4
TitleH9SN9,58.8
TitleYPB2B,68.1
Title0XTGZ,60.3
TitleHR7DD,62.4
TitleCQ4UW,67.9
TitleZFYTR,59.7
TitlePW097,56.7
Title6U3HV,68.7
TitleB1B6J,72.2
Title3UAB7,58.5
TitleY3U4X,62.8
TitleEXMHJ,61.0
TitleZSF9E,66.1
Title6Y3XE,74.4
Title7QMJP,62.0
TitleU9T6A,69.5
Title9WJB9,63.8
TitleF0ADH,65.9
TitleL28X4,60.7
Title09SLQ,59.0
TitleGLYDJ,67.9
TitleQIR2V,69.2
TitleD0VTL,62.6
TitleT7QID,66.2
TitleNGUQY,69.1
TitleG86YF,60.9
Title23IO7,60.5
TitleWQVEK,72.6
TitleQPHUH,56.6
TitleKP4G1,69.5
Title5R18L,58.9
TitleJRGCZ,61.5
TitleQ9PBW,65.2
TitleROHOK,63.7
TitleXNCK8,69.4
TitleP6VI0,71.4
TitleRV2GZ,64.8
TitleI0P27,61.4
TitleMM4KT,58.0
TitleB9XZ4,65.1
TitleJBD8E,60.2
TitleO5VGC,56.2
TitleX32XH,66.2
Title1U11U,62.9
TitleLML3B,60.4
TitleO00RJ,69.4
TitleSN96Y,67.9
TitleKA948,61.0
TitleCVPNF,62.1
TitleFWMH1,56.9
Title2PTU0,66.4
TitleN7CXE,59.0
TitleH6PYI,64.4
Title1WBHS,66.8
Title9BDFO,57.5
Title2RE9J,63.3
TitleO3Q5A,72.4
TitleDRRFS,72.3
Title5KQ3S,73.4
Title48Y85,69.8
Title59YN5,67.0
TitleEMYF9,65.8
TitleC5GU4,57.0
Title4VATZ,65.8
Title7NA9H,56.4
Title92PQJ,61.7
TitleW302Q,72.6
TitleD00ZR,62.2
Title70LI7,67.3
Title2QB21,63.3
TitleNUPWA,70.0
Title5E9TK,65.7
TitleBQICI,67.2
TitleMKTT7,66.7
Title53X6Z,69.1
TitleT3R1J,69.6
TitleQ3FS0,61.9
TitleURBH7,58.2
TitleJLPX0,59.6
TitleSM0HS,69.0
TitleJ2GWX,52.1
TitleNAF56,58.8
TitleY5HE7,69.9
TitleBJ7S9,71.2
TitleG2N7R,66.5
TitleOFK5C,69.0
TitleII03Y,68.5
Title0K217,58.9
Title0K59O,73.4
Title8NITG,63.1
TitleKVY3W,59.5
Title6CDRU,67.7
TitleCER71,62.7
TitleSVC9G,64.2
Title33K91,68.6
TitleTZXYI,65.0
TitleU5X9V,60.6
TitleGVZWF,62.1
TitleDMING,74.0
TitleKLOX9,57.7
TitleFR2ZC,72.6
TitleN3TYW,74.4
TitleVS1Y6,65.9
TitleHJOH7,64.8
TitleD9TXZ,69.8
Title9EPDE,61.8
TitleRKYAC,70.1
TitleLMZ1H,65.9
TitleLDSLR,64.5
TitleBMT80,65.0
Title5E40D,68.5
TitleDVNA5,65.8
TitleH21KX,60.7
Title6EWP1,68.1
Title0FQTT,71.7
Title3QXI9,64.1
TitleVEJGJ,62.4
Title982EA,72.7
Title00Z6Y,62.3
TitleRJK37,60.0
Title7M9YB,63.0
TitleX21QG,56.4
TitleP1LW9,64.3
TitleWH5JN,58.9
TitleMDJBN,59.4
Title0AM7W,63.0
TitleON9VQ,73.8
Title1M5HJ,62.7
TitleGAIPV,62.7
TitlePU8YK,63.9
TitleT48HB,77.0
TitleRFQM2,65.2
TitleSYGAW,69.8
TitleBH0VD,70.6
TitleWF5UF,59.8
TitleG4KL3,71.3
Title88KT3,66.4
Title0YJOF,71.3
Title44M2Y,67.3
Title2SQHX,93.2
TitleNBDFJ,70.2
TitleE01MZ,70.7
TitleDO9SK,61.1
TitleYYTTB,61.2
TitleUO38W,68.1
TitleCB4WC,68.0
TitleCY39N,76.5
Title4T9TO,60.9
Title8POD5,59.8
TitleHK0BF,61.6
TitleDNSAF,69.6
TitleYGX7S,60.8
TitleH0QO0,69.9
TitleA8V1T,71.7
TitleWKEZP,69.5
Title6DUW5,69.7
TitleNC7PU,65.5
Title8PB1R,62.9
TitleTIE51,59.9
TitleY8A1C,59.7
Title6K5J4,68.7
TitleNB01M,67.2
TitleNJJ4A,60.4
TitleYB0J7,57.8
TitleXOHHA,66.5
TitleZVMQ2,61.3
Title0SZNQ,63.6
TitleRQ0LY,61.4
Title8F271,56.5
TitleXQ1VJ,60.0
TitleRY9PW,66.8
TitleD2PQJ,64.4
TitleW5UO5,63.9
TitleOXCQI,61.2
Title5FVH9,60.9
TitleDAP2Q,69.3
Title8UT4U,59.9
TitleZ57ZP,65.5
TitlePL2LF,59.3
TitleS6JJC,64.7
TitleM4TAB,62.5
Title1RN6T,66.1
TitleI86XF,60.7
TitleTYSUA,64.7
TitleUG3QH,62.2
TitleI4O1J,71.6
Title7NIO5,68.0
TitleZ3MF1,65.3
TitleX3IV6,69.1
TitleNOCNZ,58.9
TitlePCY3C,62.9
TitleKZ7TL,63.7
TitleH5282,62.2
TitleDPKCW,83.2
TitleQHFL7,61.5
TitleVI5LB,66.3
TitleMH112,68.9
TitleLKN5K,68.5
TitleIJ2I5,63.3
Title0ZLP6,64.3
Title0K4PP,65.9
Title44ZW0,68.9
TitleP610W,73.2
TitleBN2FZ,61.1
TitleIAZXQ,64.0
Title2N7I0,64.8
TitleEWZ0I,64.5
TitleW6T9C,63.7
Title2XNIX,67.6
TitleHMFD3,66.6
Title72UTS,61.1
TitleG78PL,62.8
TitleAF256,66.8
TitleDPNW9,62.3
Title41L4W,57.4
TitleLICVD,64.6
TitleN44AZ,66.5
TitleDRALY,55.7
TitleDMT11,67.0
Title4ATTT,65.1
TitleLE5PR,61.0
Title50PKJ,59.7
Title6XUBF,56.9
TitleNISFK,67.7
TitleB0IUQ,59.4
Title5TADF,67.0
TitleFR37S,58.5
Title089DL,73.3
TitleP66TX,64.3
TitleACX2I,69.0
TitleGIA9P,60.3
Title797F9,69.0
TitleAX69B,68.0
Title7GLBO,58.4
Title1CMC4,51.9
Title9T7UA,68.4
TitleMGDXO,72.2
TitleZD3D5,70.6
Title1H9P5,67.3
TitleW2581,61.4
TitleF698Q,63.6
TitleUPPES,60.9
Title7RFRU,69.5
Title47TZG,59.6
TitleGDWO6,61.1
TitleCP8LA,66.1
TitleQ6OK6,58.9
TitleHH40S,75.8
Title7U4FB,66.7
TitleZNY1X,67.0
TitleFOX2L,65.6
TitleBV2OI,58.3
Title6FDM3,67.8
TitleW9RRC,60.4
TitleQVDQ6,72.4
Title7AJXS,64.6
TitlePRD8L,67.1
TitleU6LVE,60.5
TitleQ94KP,69.9
TitleG7EA3,67.7
Title23V3R,60.4
TitleWH83M,55.7
TitleZT7IS,59.1
TitleE4LN6,63.8
TitleI1NZN,66.8
TitlePYUSE,71.4
TitleN43XI,61.7
TitleRMEXM,67.0
TitleMFQKI,59.1
TitleWD36X,68.9
TitleL6DQ8,58.9
TitleW8S9B,59.0
Title7QAV0,66.0
Title1BNP4,58.7
TitleW7NTM,66.3
Title7VCYO,67.9
TitleORDFV,71.5
TitleOTAI0,62.0
TitleGWTKF,68.0
Title6IWVE,56.9
Title6037P,60.4
Title49OUK,60.1
Title6QU1Q,61.0
TitleG8NXX,62.2
TitleHGNI5,59.0
TitleI15H7,60.7
TitleYTG6A,68.8
TitleZSJC8,69.6
Title3ZGDR,63.9
TitleR6M7G,68.7
TitleTUZMT,68.6
TitleHKIY4,64.8
TitleAV8ZD,68.0
TitleK1ZJK,65.2
TitleMAEQD,66.4
TitleVPKN4,72.8
Title2IRBG,61.5
TitleB5F4T,69.0
TitleZ9EFX,60.3
Title6ZEKF,64.9
Title07DWS,68.5
TitleU4JDP,66.5
Title6SHHD,55.7
TitleHBWI9,68.9
TitleGAIRZ,72.1
TitleIG32W,61.4
Title12SLE,65.9
TitlePGD0X,63.9
Title05KWT,72.9
TitleCVXCO,56.7
Title6N8EC,69.7
TitleIFI2W,64.9
TitleRNZAN,64.8
TitleSTP0N,65.3
Title353HB,59.5
Title6E9CF,77.7
TitleR3L72,66.3
TitleD2CSJ,62.3
TitleW9RDL,58.9
TitleR205P,59.1
TitleCT4IC,62.6
TitlePGH8X,67.9
TitleDM68Z,70.5
Title29DVL,62.6
TitleS90MD,70.0
Title2MII0,62.4
TitleUNRSP,67.0
TitleN3WKB,63.6
TitleV2E67,74.2
TitleFKWIR,60.4
TitleIK899,74.6
TitleV2CTC,61.7
Title34J4I,59.0
TitleUVKGI,72.0
Title92X93,54.9
Title5YS9U,65.6
TitleYVIJW,61.6
TitleF7578,60.6
TitleUH8ZZ,66.5
TitleIWBQZ,64.7
TitleWYPBG,58.2
TitleJMIYB,66.1
TitleXU1HX,61.0
TitleC3Z5W,67.5
TitleETMER,61.9
TitleHSBKJ,63.8
TitleYIQZ2,71.7
TitleW1ON9,69.8
TitleLP7PK,67.1
Title8VA0E,68.2
TitleBAWPB,69.5
TitlePQ1LB,69.5
Title9BRV6,59.9
TitleJUKA7,68.3
TitleQ65CJ,64.6
TitleBOJWQ,58.8
TitleU7RSC,69.1
TitleOWURI,58.0
TitleOE6AS,69.7
TitleMBBS1,66.9
TitleM1HKD,68.8
TitleGAVCJ,72.2
TitleE21NV,65.6
TitleEN056,57.1
TitleQRXCS,67.2
TitlePZTC6,70.3
Title5Y5W3,60.5
Title4CYVQ,68.9
TitleB6BI2,68.6
TitleW4TC6,60.2
TitleWIETD,62.7
TitleSKV0E,66.1
Title20EBE,72.9
Title6EPNM,61.0
TitleWM5AJ,63.1
TitleD41S4,67.1
TitleZOR84,64.1
TitleEABKA,67.4
TitleZLB8C,63.9
Title7R8KZ,67.2
TitleH8FIQ,64.5
TitleMKIM4,60.1
TitleQM62M,58.4
TitleEKK3G,64.8
TitleY22DA,61.8
TitleMKO4Z,59.5
TitleDCVTS,69.8
TitleCEYQC,71.3
TitleCDBOX,65.5
TitleEORA1,69.9
Title2BAIR,61.6
TitleT1XSZ,66.7
TitleHPQPB,65.4
Title876D6,71.6
TitleFL87W,73.4
TitleJFW2L,71.3
Title6ETEZ,59.3
TitleH1E78,74.6
TitleQYOJJ,68.7
TitleQL8HE,68.6
TitleZT3Q8,62.0
TitleTZWKL,69.7
Title7M6WY,57.7
TitleYM8T9,64.0
Title785GK,67.9
Title5N8TI,64.0
TitleUH7N5,68.1
TitleGG5O3,70.0
TitleKVU1H,62.9
TitleWK7OQ,73.3
TitleQ8GET,83.4
Title6QMQ2,63.3
TitleZRLPI,65.6
TitleHQOJX,69.5
TitleBWVPD,72.3
TitleBCHD2,59.7
Title64G3U,61.8
TitleW2FJH,66.8
TitleVC0G9,62.1
TitleP5UAW,58.2
TitleNZ29W,71.8
TitleJKOIP,62.1
TitleJW57A,77.9
TitleM9PH0,63.6
Title0KKRY,71.0
TitleCVUZS,61.4
Title6MQXH,61.7
Title63N52,71.5
Title9R4QJ,69.1
TitleTQAG6,60.1
Title4DYBD,72.8
Title0DGLT,76.8
TitleEDT5D,76.1
Title89EJJ,65.7
TitleQRHV4,70.7
TitleTL8TV,69.3
TitleJ5XQU,69.2
TitleXELRZ,67.4
Title65YIV,69.4
TitleZ56L4,66.0
TitleWJU2L,66.5
TitleSQI25,66.9
TitleCWV72,58.9
TitleHV0G3,62.1
TitleEWB0E,67.5
TitleG09TB,68.7
TitleSXKMN,59.8
TitleK6ZPA,65.9
TitleGE5XP,64.0
TitleYBVTC,61.0
Title26GJJ,67.5
TitleC8QVY,62.1
Title373LX,56.7
Title4BQM0,66.5
TitleKIH6U,62.9
TitleYNDC7,65.4
TitleV26B8,70.5
TitleT7E70,62.7
TitleBTM08,65.8
TitleED1WD,64.5
TitleCTHSR,67.9
TitleJYFJB,68.3
TitleIK2Y3,66.8
TitleAP6X5,71.4
TitleIMIXB,66.2
Title8AEMM,67.8
TitleH9JV2,64.4
TitleZRT1P,61.4
Title58T6W,63.8
TitleOSF13,72.1
TitleKCU06,69.1
TitleXY39W,59.6
TitleFJW2F,74.3
TitleYE2BG,65.2
Title29M36,69.7
TitleH04BX,68.6
TitleLZ8O6,63.6
Title7UF4N,60.7
Title4PV8C,65.7
TitleN08R7,68.1
TitleTND66,73.0
TitleQIO3U,66.5
Title3PDJ0,60.5
TitleEVNEJ,63.7
Title0JXLB,63.8
TitleSST1A,74.4
TitleW4RI9,57.5
TitleUCX3N,74.1
TitleEA9MG,64.2
TitleCNW0A,67.7
TitleRE4FM,62.9
Title2N282,58.7
TitleVR7UT,64.4
TitleUWZIY,59.8
Title3A64B,63.3
TitleRBCFJ,70.6
TitleNYTFH,66.4
TitleBGRFC,67.4
TitleWWJ6X,60.4
TitleNK350,64.8
Title1N1II,74.7
TitleM1UE9,68.9
TitleHYQT7,63.2
TitleG814W,66.7
TitleB0PMY,57.2
TitleBBUFI,70.3
TitleG5VSK,59.4
Title5RUV3,68.8
TitleSEV42,77.6
Title438K1,69.6
TitleUZ3DI,61.7
TitleHT479,63.7
TitleKBBTU,69.3
TitleEV9GF,59.8
TitleKRMRZ,71.4
TitleBB3E1,58.7
TitleC6G9C,70.9
TitleVBED8,68.1
TitleBICN0,62.7
TitleIOVVV,65.7
TitleQRU5M,61.0
TitleL5J9W,60.2
TitleKAYDU,61.0
TitleS74OE,66.7
Title7X8D0,62.1
Title4TXOJ,64.3
TitleAI24X,66.9
Title7WRG6,66.3
Title2BHH1,71.1
Title5Q95N,58.1
Title31YAI,62.6
TitleJ2D0S,66.4
TitleATXPL,64.6
TitleT46RS,62.9
TitleX7JJE,66.4
TitleS1BAY,67.3
TitleAELWU,70.7
TitleSYDI4,61.5
TitleQVPSC,66.3
TitleQSNGK,68.2
TitleJZOKZ,67.3
TitleDJ0MS,65.3
TitleMTTRN,60.6
Title8E50X,69.9
Title1EW9T,58.9
TitleUQVUM,67.2
TitleWVYG8,64.3
TitleHTUKM,70.9
TitleIYOUQ,63.4
Title11T9M,62.8
TitleBSUA5,67.9
Title1QXPN,71.4
Title1NYOF,63.6
TitleIHHFR,61.2
TitleQYFNT,63.9
TitleVH335,61.8
Title1PTQJ,60.6
TitleQEZ5P,63.4
TitleCVH6V,65.5
TitleTC6OH,66.2
Title6R7VX,70.8
TitleMYCRA,65.1
TitleITC20,66.2
TitleCY245,65.6
TitleO09DL,49.9
TitleZQGIB,61.4
TitleJS6ZB,70.0
Title0GRHA,64.4
TitleGQJU7,59.3
Title3XO7D,71.1
TitleKZCMH,60.2
TitleUDKQ1,56.8
TitleIPVDH,65.0
TitlePF3W3,65.1
TitleCLRD7,64.7
Title8UJDQ,78.1
Title5DNSM,64.8
TitleO56F5,63.9
Title2K05N,73.7
TitleHQL6Q,70.1
TitlePOL75,63.5
TitleH149Z,58.7
TitleGPKAD,60.2
Title7QHF1,68.5
TitleK52R1,70.7
TitleGBD4N,79.5
TitleUWIF4,69.4
TitleK650G,62.1
Title2J3RP,74.6
TitleFM63F,56.5
Title2H7IY,65.8
Title1LVHT,62.6
TitleD9415,65.9
TitleI4YA3,56.7
TitleZGBPH,74.3
TitleEX9NJ,71.1
TitleGADOR,68.5
TitleA63P3,67.9
Title45VUD,45.4
Title5NV8S,59.6
Title3V1YD,65.1
TitleSALYL,66.5
TitleGFAC5,65.5
Title089HE,61.6
TitleDL9GJ,72.5
TitleUHTM4,67.0
TitleT6597,65.0
Title4JXJP,61.1
Title10CGL,72.7
TitleR230U,65.8
Title0XBLE,76.6
TitleRTKQ1,59.2
TitleCB5C1,62.8
TitleIG6QE,59.8
Title3Q3HJ,62.6
TitleVC5GO,63.4
Title9MRRH,67.1
Title6KYB0,71.3
TitleNPO27,66.3
Title2L8OW,64.6
Title5UTR7,58.3
TitleDXK1W,60.6
TitleOLE7C,70.3
TitleXL6Z6,72.6
TitleCAA9S,65.7
TitleS1Y5O,62.2
TitleXMATD,66.2
TitleKWA72,71.2
TitleENUVN,58.1
TitleBW1EW,59.3
TitleHQ967,74.6
TitleVGANC,65.5
TitleOTR0Z,67.5
TitleS7HU7,69.0
TitleNQJH0,72.1
Title8HXM3,64.5
Title61N9H,63.3
Title8FDTI,64.9
Title3FCY5,63.7
TitleOLVPE,70.8
TitleWFDXU,69.9
Title0YDK4,61.4
TitleBM1J1,61.5
Title4NNTJ,65.9
TitleLN5S1,59.6
TitleD2ASQ,65.2
TitleA5VUC,54.1
TitleZ9MGC,70.9
TitleU5YAN,64.9
TitleLEEH4,62.8
Title3DN74,68.3
TitleB4YP4,63.9
TitleTH53P,59.4
Title0RM9L,61.8
TitleGRMFX,69.6
TitleU4J6Y,58.0
TitleHKMEL,71.3
TitleSHH1C,64.9
TitleKEFUI,64.8
TitleWMLN5,70.8
TitleOMMTU,63.1
Title2Q1A9,76.6
TitleMJDL6,58.8
TitleILV1L,63.5
TitleQMD0X,57.9
TitleQ9EJZ,58.2
Title3G91J,70.0
Title7CL9L,64.6
Title4RL5S,63.6
TitleRBS9E,76.8
TitleA05R3,65.9
Title22SSR,57.6
Title80TYK,59.8
TitleA40GC,69.4
TitleIRIEQ,72.5
Title8NPO9,63.2
TitleJZ2NF,62.5
TitleSLJPK,62.0
TitleNH5I5,60.2
Title7O3R2,67.3
TitleBIYMP,65.2
TitleVZIP5,62.0
TitleG7BX1,75.2
TitleO6Z5U,73.4
TitleWOXPP,70.5
Title1S5QW,65.0
TitleXFWI1,70.1
TitleK6XN7,69.9
TitleJNMG2,69.1
Title4YBEE,68.4
TitleBPK6B,60.5
Title690RK,60.6
TitleZNXDK,72.6
TitleQPIVB,72.8
TitleD4B9D,63.8
TitleIUTZC,68.0
TitleDXXBE,71.5
TitleXEU8K,60.5
Title435A8,62.2
TitleEMEG7,69.2
TitleIOC2Z,56.1
TitleQOEH4,70.6
TitleI6R8T,58.7
TitleLWAMH,62.6
TitleVQIJP,65.9
TitleQJVOB,64.2
TitleJTUG8,65.6
TitlePCJK5,55.9
TitleW6NUX,66.9
TitleH0MK9,62.1
TitleCITBB,60.3
Title3TTX6,71.2
TitleSNG6L,67.0
Title9QPAT,65.8
TitleJE4ED,67.9
TitleMONPH,60.7
TitleUHCL9,59.3
TitleT5N6V,59.8
TitleL9VTS,70.4
TitleITQGT,74.5
TitleYDA9K,66.1
TitleVV5L7,64.1
TitleZOQA6,66.6
Title0R5AG,68.5
Title1NE07,69.4
TitleHQ1DR,67.7
TitleV70ZI,69.0
TitleMT4BN,70.8
TitleGAVYD,62.2
TitleVZFNB,63.4
TitlePCTNX,61.9
TitleV6H0Y,66.5
Title2EI06,68.7
Title1U117,58.3
TitleXIDEN,72.2
TitleF8RSB,50.3
TitleS8K8L,70.6
TitleB8JEX,60.6
TitleRXSOT,64.1
TitleJK7I2,56.3
Title44YUQ,64.6
TitleD53TZ,60.8
TitlePJHNR,63.4
TitleEOHQM,57.8
TitleI1NT0,72.7
TitleP3NUG,67.0
TitleUQFC9,70.1
TitleAMI78,62.9
TitlePFTQR,69.2
TitleR3I65,69.6
TitleUQKH9,71.2
TitleCR7TX,66.4
TitleGNZ9A,61.1
TitleC7BSE,66.5
TitleSF3JL,72.1
TitleXX9NB,56.4
TitleR662H,68.2
TitleTE3RE,70.4
Title6U3L5,66.7
TitleXXWWU,67.4
TitleY7CAH,63.0
Title2ENFB,60.8
TitleH7AWM,67.2
TitleGSR96,68.8
TitleA974Y,68.6
TitleKRD9S,70.7
TitleIC1XX,61.5
TitleHF4BN,60.1
TitleSKPGV,61.1
TitleN8ORD,62.4
TitleRULS9,63.5
TitleX989N,62.1
TitleLCQ2F,66.3
TitleODWHI,72.2
TitleWMB1Z,59.2
TitleIAMBX,61.8
TitleMW5XJ,67.3
TitleUFI52,71.0
TitleYNEJ5,56.9
TitleTHPVI,70.1
TitleXKJI4,71.7
Title4FAJZ,64.7
TitleL1LU4,70.1
TitleT3T7L,61.3
Title9PWUT,69.1
TitleGPI1Y,55.9
TitleJGSGL,55.5
TitleJTFJF,60.7
TitleQAY87,62.3
TitleVZQ1Z,62.5
TitleBJVZH,73.5
TitleWGVF6,66.7
Title84262,65.1
TitleS708T,61.3
Title5Y3QW,69.2
TitleGJ5D5,64.2
TitleG472T,65.4
TitleJT36Q,64.1
TitleGR2WP,63.1
Title5FQID,66.3
Title2D482,62.4
TitleN5G1W,65.9
TitleVQ2HA,67.8
TitleU5Q5B,66.6
TitleL6V9A,72.1
Title2R8VU,71.6
Title7HCNJ,67.8
TitleCD5YZ,60.5
Title8OKXL,62.6
TitleHFQT8,60.6
